url,name,type,industries,added,added_by
https://watertechjobs.imagineh2o.org,Imagine H2O,getro,watertech,2026-10-05,research
https://oxfordsciences.getro.com,Oxford Science Enterprises,getro,deeptech,2026-10-05,research
https://jobs.dcvc.com,DCVC,getro,deeptech; physical AI,2026-10-05,research
https://jobs.luxcapital.com,Lux Capital,getro,deeptech,2026-10-05,research
https://jobs.2150.vc,2150,getro,watertech; climate tech,2026-10-05,research
https://careers.speedinvest.com,Speedinvest,getro,deeptech; manufacturing,2026-10-05,research
https://jobs.deepscienceventures.com,Deep Science Ventures,getro,deeptech,2026-10-05,research
https://radical.getro.com,Radical Ventures,getro,deeptech,2026-10-05,research
https://hv.getro.com,HV Capital,getro,deeptech; manufacturing,2026-10-05,research
https://seventures.getro.com,SE Ventures,getro,manufacturing,2026-10-05,research
https://jobs.spacecapital.com,Space Capital,getro,space,2026-10-05,research
https://lowercarbon.getro.com,Lowercarbon Capital,getro,climate tech,2026-10-05,research
https://jobs.elementalimpact.com,Elemental Impact,getro,climate tech,2026-10-05,research
https://jobs.energyimpactpartners.com,Energy Impact Partners,getro,climate tech,2026-10-05,research
https://bevjobs.breakthroughenergy.org,Breakthrough Energy Ventures,getro,climate tech; deeptech,2026-10-05,research
https://jobs.planet-a.com,Planet A,getro,climate tech; manufacturing,2026-10-05,research
